{ "frames": [
   {
    "filename": "0",
    "frame": { "x": 0, "y": 0, "w": 67, "h": 20 },
    "rotated": false,
    "trimmed": true,
    "spriteSourceSize": { "x": 0, "y": 0, "w": 67, "h": 20 },
    "sourceSize": { "w": 68, "h": 20 },
    "duration": 100
   },
   {
    "filename": "1",
    "frame": { "x": 67, "y": 0, "w": 67, "h": 20 },
    "rotated": false,
    "trimmed": true,
    "spriteSourceSize": { "x": 1, "y": 0, "w": 67, "h": 20 },
    "sourceSize": { "w": 68, "h": 20 },
    "duration": 100
   }
 ],
 "meta": {
  "app": "http://www.aseprite.org/",
  "version": "1.2.21-x64",
  "image": "gamepad_selection.png",
  "format": "RGBA8888",
  "size": { "w": 134, "h": 20 },
  "scale": "1",
  "frameTags": [
   { "name": "xbox", "from": 0, "to": 0, "direction": "forward" },
   { "name": "playstation", "from": 1, "to": 1, "direction": "forward" }
  ],
  "layers": [
   { "name": "Layer 1", "opacity": 255, "blendMode": "normal" },
   { "name": "Layer 2", "opacity": 255, "blendMode": "normal" }
  ],
  "slices": [
  ]
 }
}
