[
  {
    "data": [
      {
        "x": 83.68,
        "y": -28.55,
        "angle": 1.571,
        "data": [
          13.85,
          -8.08,
          9.04,
          16.52,
          -22.25,
          -1.58,
          6.25,
          -13.68
        ]
      },
      {
        "x": 40.59,
        "y": -12.83,
        "angle": 0,
        "data": [
          11.21,
          -13.97,
          13.61,
          13.23,
          -12.39,
          14.23,
          -11.99,
          -14.57
        ]
      },
      {
        "x": 8.34,
        "y": -10.25,
        "angle": 0,
        "data": [
          19.86,
          11.65,
          -13.94,
          26.05,
          -20.14,
          -19.75,
          20.26,
          -17.15
        ]
      },
      {
        "x": -20.95,
        "y": -4.87,
        "angle": 0,
        "data": [
          9.15,
          -25.13,
          15.35,
          20.67,
          -10.85,
          21.27,
          -15.45,
          -2.33,
          -8.25,
          -22.13
        ]
      },
      {
        "x": 62.04,
        "y": -69.38,
        "angle": 0,
        "data": [
          0.96,
          14.98,
          -14.64,
          9.28,
          -10.44,
          -10.42,
          19.85,
          -10.52
        ]
      },
      {
        "x": 29.85,
        "y": -69.61,
        "angle": 0,
        "data": [
          17.55,
          9.51,
          -17.45,
          11.06,
          -21.45,
          -8.99,
          21.75,
          -10.19
        ]
      },
      {
        "x": 65.03,
        "y": -16.09,
        "angle": 0,
        "data": [
          17.07,
          9.79,
          -10.83,
          16.49,
          -13.23,
          -10.71,
          4.97,
          -18.71
        ]
      },
      {
        "x": 89.31,
        "y": -48.15,
        "angle": 0,
        "data": [
          10.88,
          10.55,
          -13.71,
          5.75,
          -18.31,
          -2.05,
          12.68,
          -12.05
        ]
      },
      {
        "x": 81.6,
        "y": -62.93,
        "angle": 0,
        "data": [
          -10.6,
          12.73,
          -18.6,
          8.53,
          0.3,
          -16.97,
          20.39,
          2.73
        ]
      },
      {
        "x": -7.23,
        "y": -68.63,
        "angle": 0,
        "data": [
          19.63,
          10.08,
          -19.17,
          11.43,
          -13.37,
          -13.57,
          15.63,
          -9.97
        ]
      },
      {
        "x": -40.44,
        "y": -70.35,
        "angle": 0,
        "data": [
          14.04,
          13.15,
          -12.86,
          10.95,
          -23.36,
          -8.65,
          19.84,
          -11.85
        ]
      },
      {
        "x": -70.76,
        "y": -67.2,
        "angle": 0,
        "data": [
          17.46,
          7.8,
          0.31,
          15.3,
          -21.04,
          -9.8,
          6.96,
          -11.8
        ]
      },
      {
        "x": -65.36,
        "y": -3.96,
        "angle": 0,
        "data": [
          5.36,
          22.56,
          -17.24,
          -0.04,
          7.16,
          -21.74,
          11.16,
          -4.64
        ]
      },
      {
        "x": -83.12,
        "y": -27.71,
        "angle": 0,
        "data": [
          12.4,
          -13.84,
          24.92,
          2.01,
          0.52,
          23.71,
          -28.88,
          -14.89
        ]
      },
      {
        "x": -89.62,
        "y": -54.14,
        "angle": 0,
        "data": [
          19.17,
          2.24,
          18.89,
          12.59,
          -22.38,
          11.54,
          -2.18,
          -22.86
        ]
      },
      {
        "x": 95.16,
        "y": -19.1,
        "angle": 0,
        "data": [
          8.04,
          5.7,
          -13.06,
          12.8,
          5.03,
          -18.5
        ]
      },
      {
        "x": 96.36,
        "y": -72.7,
        "angle": 0,
        "data": [
          8.84,
          -5.3,
          5.63,
          12.5,
          -14.47,
          -7.2
        ]
      },
      {
        "x": -105.27,
        "y": -64.2,
        "angle": 0,
        "data": [
          -6.73,
          21.6,
          -6.73,
          -8.8,
          13.47,
          -12.8
        ]
      },
      {
        "x": -103.53,
        "y": -18.8,
        "angle": 0,
        "data": [
          20.93,
          14.8,
          -12.47,
          9,
          -8.47,
          -23.8
        ]
      },
      {
        "x": -45.88,
        "y": 5.75,
        "angle": 0,
        "data": [
          9.48,
          -12.95,
          14.08,
          10.65,
          -14.12,
          12.85,
          -8.32,
          -14.35
        ]
      },
      {
        "x": -88.57,
        "y": 6.01,
        "angle": 0,
        "data": [
          28.57,
          12.59,
          -5.83,
          11.99,
          -27.43,
          -15.81,
          5.97,
          -10.01
        ]
      }
    ],
    "properties": {
      "shape": "polygon",
      "type": "vector",
      "fixture": {
        "density": 1,
        "friction": 0.5,
        "restitution": 0.2,
        "filter": {
          "categoryBits": 6
        }
      }
    }
  }
]
