[
  {
    "data": [
      {
        "x": -7.72,
        "y": -69.45,
        "angle": 0,
        "data": [
          9.32,
          8.45,
          -7.08,
          18.85,
          -12.68,
          -9.75,
          12.92,
          -14.75
        ]
      },
      {
        "x": -33.45,
        "y": -62.04,
        "angle": 0,
        "data": [
          18.65,
          11.44,
          -11.75,
          16.04,
          -20.75,
          -8.96,
          13.05,
          -17.16
        ]
      },
      {
        "x": -66.45,
        "y": -59.72,
        "angle": 0,
        "data": [
          21.25,
          13.72,
          3.95,
          16.62,
          -25.95,
          -2.68,
          -6.45,
          -16.78,
          12.25,
          -11.28
        ]
      },
      {
        "x": -78.99,
        "y": -17.35,
        "angle": 0,
        "data": [
          11.79,
          -5.65,
          24.94,
          9.9,
          -13.41,
          8.55,
          -19.01,
          -14.25
        ]
      },
      {
        "x": -78.23,
        "y": 2.46,
        "angle": 0,
        "data": [
          14.11,
          5.51,
          -17.17,
          16.94,
          -14.17,
          -11.26,
          24.18,
          -9.91
        ]
      },
      {
        "x": -25.79,
        "y": -42.87,
        "angle": 0,
        "data": [
          14.19,
          5.37,
          -5.01,
          7.47,
          -19.41,
          -3.13,
          10.99,
          -7.73
        ]
      },
      {
        "x": -53.89,
        "y": 1.32,
        "angle": 0,
        "data": [
          8.57,
          -1.95,
          5.69,
          4.28,
          -10.23,
          6.65,
          -0.16,
          -8.77
        ]
      },
      {
        "x": -81.02,
        "y": -40.57,
        "angle": 0,
        "data": [
          18.52,
          -2.53,
          13.82,
          17.57,
          -16.98,
          8.97,
          -11.38,
          -21.83
        ]
      },
      {
        "x": 18.38,
        "y": -73.57,
        "angle": 0,
        "data": [
          19.22,
          -10.53,
          12.02,
          9.57,
          -16.78,
          12.57,
          -13.18,
          -10.63
        ]
      },
      {
        "x": -19.59,
        "y": -22.37,
        "angle": 0,
        "data": [
          16.09,
          -5.58,
          16.99,
          11.17,
          -7.21,
          18.57,
          -15.21,
          5.57,
          -11.21,
          -13.03,
          7.99,
          -15.13
        ]
      },
      {
        "x": -80.37,
        "y": 25.95,
        "angle": 0,
        "data": [
          10.71,
          12.33,
          -15.23,
          14.25,
          -15.03,
          -6.55,
          16.24,
          -17.98
        ]
      },
      {
        "x": -15.44,
        "y": 3.77,
        "angle": 0,
        "data": [
          12.84,
          -14.97,
          5.44,
          19.23,
          -9.76,
          13.23,
          -11.36,
          -7.57
        ]
      },
      {
        "x": -75.91,
        "y": 51.63,
        "angle": 0,
        "data": [
          25.51,
          4.37,
          -11.19,
          16.17,
          -19.69,
          -11.43,
          6.25,
          -13.35
        ]
      },
      {
        "x": -26.65,
        "y": 23.9,
        "angle": 0,
        "data": [
          16.65,
          -0.9,
          -1.25,
          5.7,
          -17.15,
          3.3,
          1.45,
          -6.9
        ]
      },
      {
        "x": -36.26,
        "y": 36.67,
        "angle": 0,
        "data": [
          8.36,
          -7.07,
          10.18,
          7.93,
          -0.79,
          9.33,
          -11.34,
          2.33,
          -7.54,
          -9.47
        ]
      },
      {
        "x": -52.29,
        "y": 68.12,
        "angle": 0,
        "data": [
          23.29,
          -9.12,
          14.14,
          15.28,
          -34.81,
          -0.32,
          1.89,
          -12.12
        ]
      },
      {
        "x": -14.97,
        "y": 67.8,
        "angle": 0,
        "data": [
          16.8,
          15.6,
          -23.18,
          15.6,
          -14.03,
          -8.8,
          13.97,
          -25.2
        ]
      },
      {
        "x": 12.47,
        "y": 55.76,
        "angle": 0,
        "data": [
          22.13,
          4.24,
          -10.65,
          27.64,
          -13.47,
          -13.16,
          -4.67,
          -28.56
        ]
      },
      {
        "x": 25.4,
        "y": 28.92,
        "angle": 0,
        "data": [
          12.7,
          -15.62,
          9.2,
          31.08,
          -17.6,
          -1.72,
          -7.4,
          -22.12
        ]
      },
      {
        "x": 11.18,
        "y": 14.4,
        "angle": 0,
        "data": [
          1.12,
          -8.3,
          6.82,
          -7.6,
          -3.38,
          12.8,
          -4.58,
          0.2
        ]
      },
      {
        "x": 29.2,
        "y": -1.27,
        "angle": 0,
        "data": [
          0.35,
          -14.78,
          10.12,
          -1.41,
          8.9,
          14.57,
          -11.2,
          8.07,
          -4,
          -14.73
        ]
      },
      {
        "x": 26.5,
        "y": -30.37,
        "angle": 0,
        "data": [
          3.1,
          10.17,
          -1.5,
          11.57,
          -4.2,
          -11.53,
          4.9,
          -7.43
        ]
      },
      {
        "x": 36.53,
        "y": -44.03,
        "angle": 0,
        "data": [
          -5.13,
          6.23,
          -14.23,
          2.13,
          -2.78,
          -5.22,
          12.85,
          -5.79,
          7.27,
          4.03
        ]
      },
      {
        "x": 50.7,
        "y": -35.87,
        "angle": 0,
        "data": [
          6.28,
          -2.14,
          5.1,
          9.67,
          -1.6,
          12.57,
          -6.9,
          -4.13,
          -1.33,
          -13.95
        ]
      },
      {
        "x": 49.6,
        "y": -73.59,
        "angle": 0,
        "data": [
          23,
          -8.41,
          7.1,
          11.19,
          -19.2,
          9.59,
          -12,
          -10.51
        ]
      },
      {
        "x": 43.86,
        "y": 2.81,
        "angle": 0,
        "data": [
          9.44,
          -3.51,
          -5.76,
          10.49,
          -4.54,
          -5.49,
          3.84,
          -5.91
        ]
      },
      {
        "x": 51.61,
        "y": -13.53,
        "angle": 0,
        "data": [
          1.69,
          12.83,
          -3.91,
          10.43,
          -2.51,
          -9.77,
          4.19,
          -12.67
        ]
      },
      {
        "x": 74.4,
        "y": -57.11,
        "angle": 0,
        "data": [
          19.3,
          15.91,
          -1.2,
          18.31,
          -17.7,
          -5.29,
          -1.8,
          -24.89
        ]
      },
      {
        "x": 87.45,
        "y": -28.15,
        "angle": 0,
        "data": [
          6.25,
          -13.05,
          15.2,
          14.45,
          -10.25,
          8.15,
          -14.25,
          -10.65
        ]
      },
      {
        "x": 87.62,
        "y": -3.75,
        "angle": 0,
        "data": [
          15.03,
          -9.95,
          9.81,
          15.9,
          -14.22,
          10.95,
          -10.42,
          -16.25
        ]
      },
      {
        "x": 71.21,
        "y": -5.44,
        "angle": 0,
        "data": [
          2.19,
          12.64,
          -6.61,
          5.44,
          -4.91,
          -3.26,
          5.99,
          -14.56
        ]
      },
      {
        "x": 44.67,
        "y": 41.78,
        "angle": 0,
        "data": [
          8.68,
          -5.93,
          8.53,
          19.02,
          -10.07,
          18.22,
          -6.57,
          -28.48
        ]
      },
      {
        "x": 83.49,
        "y": 21.53,
        "angle": 0,
        "data": [
          13.94,
          -9.38,
          5.62,
          20.34,
          -15.49,
          7.07,
          -10.09,
          -14.33
        ]
      },
      {
        "x": 68.34,
        "y": 41.27,
        "angle": 0,
        "data": [
          20.77,
          0.61,
          -15.14,
          19.53,
          -14.99,
          -5.42,
          -0.34,
          -12.67
        ]
      },
      {
        "x": 92.37,
        "y": -67,
        "angle": 0,
        "data": [
          1.33,
          25.8,
          -19.77,
          -15,
          18.43,
          -10.8
        ]
      }
    ],
    "properties": {
      "shape": "polygon",
      "type": "vector",
      "fixture": {
        "density": 1,
        "friction": 0.5,
        "restitution": 0.2,
        "filter": {
          "categoryBits": 6
        }
      }
    }
  }
]
