{ "frames": [
   {
    "filename": "0",
    "frame": { "x": 32, "y": 13, "w": 13, "h": 13 },
    "rotated": false,
    "trimmed": true,
    "spriteSourceSize": { "x": 4, "y": 3, "w": 13, "h": 13 },
    "sourceSize": { "w": 20, "h": 20 },
    "duration": 200
   },
   {
    "filename": "1",
    "frame": { "x": 0, "y": 0, "w": 17, "h": 17 },
    "rotated": false,
    "trimmed": true,
    "spriteSourceSize": { "x": 2, "y": 1, "w": 17, "h": 17 },
    "sourceSize": { "w": 20, "h": 20 },
    "duration": 200
   },
   {
    "filename": "2",
    "frame": { "x": 17, "y": 15, "w": 13, "h": 13 },
    "rotated": false,
    "trimmed": true,
    "spriteSourceSize": { "x": 4, "y": 3, "w": 13, "h": 13 },
    "sourceSize": { "w": 20, "h": 20 },
    "duration": 200
   },
   {
    "filename": "3",
    "frame": { "x": 0, "y": 17, "w": 13, "h": 13 },
    "rotated": false,
    "trimmed": true,
    "spriteSourceSize": { "x": 4, "y": 3, "w": 13, "h": 13 },
    "sourceSize": { "w": 20, "h": 20 },
    "duration": 200
   },
   {
    "filename": "4",
    "frame": { "x": 30, "y": 26, "w": 13, "h": 13 },
    "rotated": false,
    "trimmed": true,
    "spriteSourceSize": { "x": 4, "y": 3, "w": 13, "h": 13 },
    "sourceSize": { "w": 20, "h": 20 },
    "duration": 200
   },
   {
    "filename": "5",
    "frame": { "x": 13, "y": 28, "w": 13, "h": 13 },
    "rotated": false,
    "trimmed": true,
    "spriteSourceSize": { "x": 4, "y": 3, "w": 13, "h": 13 },
    "sourceSize": { "w": 20, "h": 20 },
    "duration": 200
   },
   {
    "filename": "6",
    "frame": { "x": 30, "y": 26, "w": 13, "h": 13 },
    "rotated": false,
    "trimmed": true,
    "spriteSourceSize": { "x": 4, "y": 3, "w": 13, "h": 13 },
    "sourceSize": { "w": 20, "h": 20 },
    "duration": 200
   },
   {
    "filename": "7",
    "frame": { "x": 32, "y": 0, "w": 15, "h": 13 },
    "rotated": false,
    "trimmed": true,
    "spriteSourceSize": { "x": 3, "y": 3, "w": 15, "h": 13 },
    "sourceSize": { "w": 20, "h": 20 },
    "duration": 200
   },
   {
    "filename": "8",
    "frame": { "x": 17, "y": 0, "w": 15, "h": 15 },
    "rotated": false,
    "trimmed": true,
    "spriteSourceSize": { "x": 3, "y": 2, "w": 15, "h": 15 },
    "sourceSize": { "w": 20, "h": 20 },
    "duration": 200
   },
   {
    "filename": "9",
    "frame": { "x": 0, "y": 0, "w": 17, "h": 17 },
    "rotated": false,
    "trimmed": true,
    "spriteSourceSize": { "x": 2, "y": 1, "w": 17, "h": 17 },
    "sourceSize": { "w": 20, "h": 20 },
    "duration": 200
   },
   {
    "filename": "10",
    "frame": { "x": 32, "y": 13, "w": 13, "h": 13 },
    "rotated": false,
    "trimmed": true,
    "spriteSourceSize": { "x": 4, "y": 3, "w": 13, "h": 13 },
    "sourceSize": { "w": 20, "h": 20 },
    "duration": 200
   },
   {
    "filename": "11",
    "frame": { "x": 0, "y": 30, "w": 9, "h": 9 },
    "rotated": false,
    "trimmed": true,
    "spriteSourceSize": { "x": 6, "y": 5, "w": 9, "h": 9 },
    "sourceSize": { "w": 20, "h": 20 },
    "duration": 200
   }
 ],
 "meta": {
  "app": "http://www.aseprite.org/",
  "version": "1.2.19.2",
  "image": "star3.png",
  "format": "RGBA8888",
  "size": { "w": 47, "h": 41 },
  "scale": "1",
  "frameTags": [
   { "name": "idle", "from": 0, "to": 11, "direction": "forward" }
  ]
 }
}
