{ "frames": [
   {
    "filename": "0",
    "frame": { "x": 0, "y": 0, "w": 55, "h": 20 },
    "rotated": false,
    "trimmed": true,
    "spriteSourceSize": { "x": 0, "y": 0, "w": 55, "h": 20 },
    "sourceSize": { "w": 57, "h": 24 },
    "duration": 800
   },
   {
    "filename": "1",
    "frame": { "x": 0, "y": 0, "w": 55, "h": 20 },
    "rotated": false,
    "trimmed": true,
    "spriteSourceSize": { "x": 0, "y": 1, "w": 55, "h": 20 },
    "sourceSize": { "w": 57, "h": 24 },
    "duration": 400
   },
   {
    "filename": "2",
    "frame": { "x": 0, "y": 0, "w": 55, "h": 20 },
    "rotated": false,
    "trimmed": true,
    "spriteSourceSize": { "x": 1, "y": 2, "w": 55, "h": 20 },
    "sourceSize": { "w": 57, "h": 24 },
    "duration": 300
   },
   {
    "filename": "3",
    "frame": { "x": 0, "y": 0, "w": 55, "h": 20 },
    "rotated": false,
    "trimmed": true,
    "spriteSourceSize": { "x": 1, "y": 3, "w": 55, "h": 20 },
    "sourceSize": { "w": 57, "h": 24 },
    "duration": 400
   },
   {
    "filename": "4",
    "frame": { "x": 0, "y": 0, "w": 55, "h": 20 },
    "rotated": false,
    "trimmed": true,
    "spriteSourceSize": { "x": 2, "y": 4, "w": 55, "h": 20 },
    "sourceSize": { "w": 57, "h": 24 },
    "duration": 800
   }
 ],
 "meta": {
  "app": "http://www.aseprite.org/",
  "version": "1.2.19.2",
  "image": "island2.png",
  "format": "RGBA8888",
  "size": { "w": 55, "h": 20 },
  "scale": "1",
  "frameTags": [
   { "name": "idle", "from": 0, "to": 4, "direction": "pingpong" }
  ]
 }
}
