{ "frames": [
   {
    "filename": "0",
    "frame": { "x": 0, "y": 0, "w": 480, "h": 107 },
    "rotated": false,
    "trimmed": false,
    "spriteSourceSize": { "x": 0, "y": 0, "w": 480, "h": 107 },
    "sourceSize": { "w": 480, "h": 107 },
    "duration": 250
   },
   {
    "filename": "1",
    "frame": { "x": 480, "y": 0, "w": 480, "h": 107 },
    "rotated": false,
    "trimmed": false,
    "spriteSourceSize": { "x": 0, "y": 0, "w": 480, "h": 107 },
    "sourceSize": { "w": 480, "h": 107 },
    "duration": 250
   }
 ],
 "meta": {
  "app": "http://www.aseprite.org/",
  "version": "1.2.19.2",
  "image": "layer2.png",
  "format": "I8",
  "size": { "w": 960, "h": 107 },
  "scale": "1",
  "frameTags": [
   { "name": "idle", "from": 0, "to": 1, "direction": "forward" }
  ]
 }
}
