{ "frames": [
   {
    "filename": "0",
    "frame": { "x": 0, "y": 0, "w": 85, "h": 10 },
    "rotated": false,
    "trimmed": true,
    "spriteSourceSize": { "x": 1, "y": 1, "w": 85, "h": 10 },
    "sourceSize": { "w": 86, "h": 12 },
    "duration": 1000
   },
   {
    "filename": "1",
    "frame": { "x": 85, "y": 0, "w": 1, "h": 1 },
    "rotated": false,
    "trimmed": true,
    "spriteSourceSize": { "x": 0, "y": 0, "w": 1, "h": 1 },
    "sourceSize": { "w": 86, "h": 12 },
    "duration": 1000
   }
 ],
 "meta": {
  "app": "http://www.aseprite.org/",
  "version": "1.2.25-x64",
  "image": "spaceshipsmall.png",
  "format": "RGBA8888",
  "size": { "w": 86, "h": 10 },
  "scale": "1",
  "frameTags": [
   { "name": "idle", "from": 0, "to": 0, "direction": "forward" }
  ]
 }
}
