{ "frames": [
   {
    "filename": "0",
    "frame": { "x": 0, "y": 0, "w": 167, "h": 21 },
    "rotated": false,
    "trimmed": true,
    "spriteSourceSize": { "x": 1, "y": 2, "w": 167, "h": 21 },
    "sourceSize": { "w": 168, "h": 24 },
    "duration": 1000
   },
   {
    "filename": "1",
    "frame": { "x": 167, "y": 0, "w": 1, "h": 1 },
    "rotated": false,
    "trimmed": true,
    "spriteSourceSize": { "x": 0, "y": 0, "w": 1, "h": 1 },
    "sourceSize": { "w": 168, "h": 24 },
    "duration": 1000
   }
 ],
 "meta": {
  "app": "http://www.aseprite.org/",
  "version": "1.2.25-x64",
  "image": "spaceship.png",
  "format": "RGBA8888",
  "size": { "w": 168, "h": 21 },
  "scale": "1",
  "frameTags": [
   { "name": "idle", "from": 0, "to": 0, "direction": "forward" }
  ]
 }
}
