{ "frames": [
   {
    "filename": "0",
    "frame": { "x": 95, "y": 131, "w": 12, "h": 34 },
    "rotated": false,
    "trimmed": true,
    "spriteSourceSize": { "x": 7, "y": 10, "w": 12, "h": 34 },
    "sourceSize": { "w": 26, "h": 44 },
    "duration": 800
   },
   {
    "filename": "1",
    "frame": { "x": 83, "y": 129, "w": 12, "h": 35 },
    "rotated": false,
    "trimmed": true,
    "spriteSourceSize": { "x": 7, "y": 9, "w": 12, "h": 35 },
    "sourceSize": { "w": 26, "h": 44 },
    "duration": 600
   },
   {
    "filename": "2",
    "frame": { "x": 14, "y": 131, "w": 12, "h": 35 },
    "rotated": false,
    "trimmed": true,
    "spriteSourceSize": { "x": 7, "y": 9, "w": 12, "h": 35 },
    "sourceSize": { "w": 26, "h": 44 },
    "duration": 100
   },
   {
    "filename": "3",
    "frame": { "x": 69, "y": 105, "w": 14, "h": 33 },
    "rotated": false,
    "trimmed": true,
    "spriteSourceSize": { "x": 6, "y": 11, "w": 14, "h": 33 },
    "sourceSize": { "w": 26, "h": 44 },
    "duration": 150
   },
   {
    "filename": "4",
    "frame": { "x": 90, "y": 165, "w": 11, "h": 34 },
    "rotated": false,
    "trimmed": true,
    "spriteSourceSize": { "x": 8, "y": 10, "w": 11, "h": 34 },
    "sourceSize": { "w": 26, "h": 44 },
    "duration": 150
   },
   {
    "filename": "5",
    "frame": { "x": 0, "y": 105, "w": 14, "h": 33 },
    "rotated": false,
    "trimmed": true,
    "spriteSourceSize": { "x": 6, "y": 11, "w": 14, "h": 33 },
    "sourceSize": { "w": 26, "h": 44 },
    "duration": 150
   },
   {
    "filename": "6",
    "frame": { "x": 20, "y": 33, "w": 17, "h": 33 },
    "rotated": false,
    "trimmed": true,
    "spriteSourceSize": { "x": 4, "y": 11, "w": 17, "h": 33 },
    "sourceSize": { "w": 26, "h": 44 },
    "duration": 125
   },
   {
    "filename": "7",
    "frame": { "x": 37, "y": 64, "w": 17, "h": 32 },
    "rotated": false,
    "trimmed": true,
    "spriteSourceSize": { "x": 4, "y": 12, "w": 17, "h": 32 },
    "sourceSize": { "w": 26, "h": 44 },
    "duration": 125
   },
   {
    "filename": "8",
    "frame": { "x": 15, "y": 99, "w": 15, "h": 32 },
    "rotated": false,
    "trimmed": true,
    "spriteSourceSize": { "x": 5, "y": 12, "w": 15, "h": 32 },
    "sourceSize": { "w": 26, "h": 44 },
    "duration": 125
   },
   {
    "filename": "9",
    "frame": { "x": 95, "y": 32, "w": 18, "h": 33 },
    "rotated": false,
    "trimmed": true,
    "spriteSourceSize": { "x": 4, "y": 11, "w": 18, "h": 33 },
    "sourceSize": { "w": 26, "h": 44 },
    "duration": 125
   },
   {
    "filename": "10",
    "frame": { "x": 58, "y": 33, "w": 17, "h": 33 },
    "rotated": false,
    "trimmed": true,
    "spriteSourceSize": { "x": 3, "y": 11, "w": 17, "h": 33 },
    "sourceSize": { "w": 26, "h": 44 },
    "duration": 125
   },
   {
    "filename": "11",
    "frame": { "x": 30, "y": 125, "w": 14, "h": 32 },
    "rotated": false,
    "trimmed": true,
    "spriteSourceSize": { "x": 6, "y": 12, "w": 14, "h": 32 },
    "sourceSize": { "w": 26, "h": 44 },
    "duration": 125
   },
   {
    "filename": "12",
    "frame": { "x": 26, "y": 157, "w": 11, "h": 37 },
    "rotated": false,
    "trimmed": true,
    "spriteSourceSize": { "x": 8, "y": 7, "w": 11, "h": 37 },
    "sourceSize": { "w": 26, "h": 44 },
    "duration": 800
   },
   {
    "filename": "13",
    "frame": { "x": 68, "y": 138, "w": 11, "h": 37 },
    "rotated": false,
    "trimmed": true,
    "spriteSourceSize": { "x": 8, "y": 7, "w": 11, "h": 37 },
    "sourceSize": { "w": 26, "h": 44 },
    "duration": 600
   },
   {
    "filename": "14",
    "frame": { "x": 0, "y": 138, "w": 11, "h": 37 },
    "rotated": false,
    "trimmed": true,
    "spriteSourceSize": { "x": 8, "y": 7, "w": 11, "h": 37 },
    "sourceSize": { "w": 26, "h": 44 },
    "duration": 100
   },
   {
    "filename": "15",
    "frame": { "x": 102, "y": 95, "w": 14, "h": 36 },
    "rotated": false,
    "trimmed": true,
    "spriteSourceSize": { "x": 6, "y": 8, "w": 14, "h": 36 },
    "sourceSize": { "w": 26, "h": 44 },
    "duration": 150
   },
   {
    "filename": "16",
    "frame": { "x": 107, "y": 131, "w": 11, "h": 37 },
    "rotated": false,
    "trimmed": true,
    "spriteSourceSize": { "x": 8, "y": 7, "w": 11, "h": 37 },
    "sourceSize": { "w": 26, "h": 44 },
    "duration": 150
   },
   {
    "filename": "17",
    "frame": { "x": 79, "y": 164, "w": 11, "h": 36 },
    "rotated": false,
    "trimmed": true,
    "spriteSourceSize": { "x": 8, "y": 8, "w": 11, "h": 36 },
    "sourceSize": { "w": 26, "h": 44 },
    "duration": 150
   },
   {
    "filename": "18",
    "frame": { "x": 54, "y": 95, "w": 15, "h": 34 },
    "rotated": false,
    "trimmed": true,
    "spriteSourceSize": { "x": 5, "y": 10, "w": 15, "h": 34 },
    "sourceSize": { "w": 26, "h": 44 },
    "duration": 150
   },
   {
    "filename": "19",
    "frame": { "x": 87, "y": 95, "w": 15, "h": 34 },
    "rotated": false,
    "trimmed": true,
    "spriteSourceSize": { "x": 5, "y": 10, "w": 15, "h": 34 },
    "sourceSize": { "w": 26, "h": 44 },
    "duration": 150
   },
   {
    "filename": "20",
    "frame": { "x": 75, "y": 34, "w": 15, "h": 37 },
    "rotated": false,
    "trimmed": true,
    "spriteSourceSize": { "x": 5, "y": 7, "w": 15, "h": 37 },
    "sourceSize": { "w": 26, "h": 44 },
    "duration": 150
   },
   {
    "filename": "21",
    "frame": { "x": 0, "y": 34, "w": 15, "h": 37 },
    "rotated": false,
    "trimmed": true,
    "spriteSourceSize": { "x": 5, "y": 7, "w": 15, "h": 37 },
    "sourceSize": { "w": 26, "h": 44 },
    "duration": 150
   },
   {
    "filename": "22",
    "frame": { "x": 0, "y": 71, "w": 15, "h": 34 },
    "rotated": false,
    "trimmed": true,
    "spriteSourceSize": { "x": 5, "y": 10, "w": 15, "h": 34 },
    "sourceSize": { "w": 26, "h": 44 },
    "duration": 150
   },
   {
    "filename": "23",
    "frame": { "x": 72, "y": 71, "w": 15, "h": 34 },
    "rotated": false,
    "trimmed": true,
    "spriteSourceSize": { "x": 5, "y": 10, "w": 15, "h": 34 },
    "sourceSize": { "w": 26, "h": 44 },
    "duration": 150
   },
   {
    "filename": "24",
    "frame": { "x": 44, "y": 129, "w": 12, "h": 37 },
    "rotated": false,
    "trimmed": true,
    "spriteSourceSize": { "x": 7, "y": 7, "w": 12, "h": 37 },
    "sourceSize": { "w": 26, "h": 44 },
    "duration": 150
   },
   {
    "filename": "25",
    "frame": { "x": 56, "y": 129, "w": 12, "h": 37 },
    "rotated": false,
    "trimmed": true,
    "spriteSourceSize": { "x": 7, "y": 7, "w": 12, "h": 37 },
    "sourceSize": { "w": 26, "h": 44 },
    "duration": 150
   },
   {
    "filename": "26",
    "frame": { "x": 58, "y": 0, "w": 19, "h": 33 },
    "rotated": false,
    "trimmed": true,
    "spriteSourceSize": { "x": 1, "y": 11, "w": 19, "h": 33 },
    "sourceSize": { "w": 26, "h": 44 },
    "duration": 150
   },
   {
    "filename": "27",
    "frame": { "x": 0, "y": 0, "w": 20, "h": 34 },
    "rotated": false,
    "trimmed": true,
    "spriteSourceSize": { "x": 3, "y": 10, "w": 20, "h": 34 },
    "sourceSize": { "w": 26, "h": 44 },
    "duration": 150
   },
   {
    "filename": "28",
    "frame": { "x": 95, "y": 0, "w": 19, "h": 32 },
    "rotated": false,
    "trimmed": true,
    "spriteSourceSize": { "x": 6, "y": 12, "w": 19, "h": 32 },
    "sourceSize": { "w": 26, "h": 44 },
    "duration": 150
   },
   {
    "filename": "29",
    "frame": { "x": 15, "y": 66, "w": 16, "h": 33 },
    "rotated": false,
    "trimmed": true,
    "spriteSourceSize": { "x": 7, "y": 11, "w": 16, "h": 33 },
    "sourceSize": { "w": 26, "h": 44 },
    "duration": 150
   },
   {
    "filename": "30",
    "frame": { "x": 77, "y": 0, "w": 18, "h": 34 },
    "rotated": false,
    "trimmed": true,
    "spriteSourceSize": { "x": 6, "y": 10, "w": 18, "h": 34 },
    "sourceSize": { "w": 26, "h": 44 },
    "duration": 150
   },
   {
    "filename": "31",
    "frame": { "x": 20, "y": 0, "w": 20, "h": 33 },
    "rotated": false,
    "trimmed": true,
    "spriteSourceSize": { "x": 3, "y": 11, "w": 20, "h": 33 },
    "sourceSize": { "w": 26, "h": 44 },
    "duration": 150
   },
   {
    "filename": "32",
    "frame": { "x": 40, "y": 0, "w": 18, "h": 35 },
    "rotated": false,
    "trimmed": true,
    "spriteSourceSize": { "x": 3, "y": 9, "w": 18, "h": 35 },
    "sourceSize": { "w": 26, "h": 44 },
    "duration": 150
   },
   {
    "filename": "33",
    "frame": { "x": 90, "y": 65, "w": 18, "h": 30 },
    "rotated": false,
    "trimmed": true,
    "spriteSourceSize": { "x": 4, "y": 14, "w": 18, "h": 30 },
    "sourceSize": { "w": 26, "h": 44 },
    "duration": 150
   },
   {
    "filename": "34",
    "frame": { "x": 31, "y": 96, "w": 17, "h": 29 },
    "rotated": false,
    "trimmed": true,
    "spriteSourceSize": { "x": 7, "y": 15, "w": 17, "h": 29 },
    "sourceSize": { "w": 26, "h": 44 },
    "duration": 175
   },
   {
    "filename": "35",
    "frame": { "x": 54, "y": 66, "w": 18, "h": 29 },
    "rotated": false,
    "trimmed": true,
    "spriteSourceSize": { "x": 7, "y": 15, "w": 18, "h": 29 },
    "sourceSize": { "w": 26, "h": 44 },
    "duration": 175
   },
   {
    "filename": "36",
    "frame": { "x": 37, "y": 35, "w": 19, "h": 29 },
    "rotated": false,
    "trimmed": true,
    "spriteSourceSize": { "x": 7, "y": 15, "w": 19, "h": 29 },
    "sourceSize": { "w": 26, "h": 44 },
    "duration": 175
   }
 ],
 "meta": {
  "app": "http://www.aseprite.org/",
  "version": "1.2.25-x64",
  "image": "female.png",
  "format": "I8",
  "size": { "w": 118, "h": 200 },
  "scale": "1",
  "frameTags": [
   { "name": "idle", "from": 0, "to": 2, "direction": "forward" },
   { "name": "walk", "from": 3, "to": 5, "direction": "pingpong" },
   { "name": "run", "from": 6, "to": 11, "direction": "forward" },
   { "name": "idle-carry", "from": 12, "to": 14, "direction": "forward" },
   { "name": "walk-carry", "from": 15, "to": 17, "direction": "pingpong" },
   { "name": "jump", "from": 18, "to": 19, "direction": "forward" },
   { "name": "jump-carry", "from": 20, "to": 21, "direction": "forward" },
   { "name": "fall", "from": 22, "to": 23, "direction": "forward" },
   { "name": "fall-carry", "from": 24, "to": 25, "direction": "forward" },
   { "name": "dance", "from": 26, "to": 31, "direction": "pingpong" },
   { "name": "dance-fluke-1", "from": 32, "to": 32, "direction": "forward" },
   { "name": "dance-fluke-2", "from": 33, "to": 33, "direction": "forward" },
   { "name": "petting", "from": 34, "to": 36, "direction": "pingpong" }
  ],
  "layers": [
   { "name": "Stroke", "opacity": 255, "blendMode": "normal" },
   { "name": "Legs", "opacity": 255, "blendMode": "normal" },
   { "name": "Body", "opacity": 255, "blendMode": "normal" },
   { "name": "Head", "opacity": 255, "blendMode": "normal" }
  ]
 }
}
