{ "frames": [
   {
    "filename": "0",
    "frame": { "x": 0, "y": 0, "w": 19, "h": 9 },
    "rotated": false,
    "trimmed": true,
    "spriteSourceSize": { "x": 0, "y": 1, "w": 19, "h": 9 },
    "sourceSize": { "w": 20, "h": 10 },
    "duration": 100
   }
 ],
 "meta": {
  "app": "http://www.aseprite.org/",
  "version": "1.2.21-x64",
  "image": "bone.png",
  "format": "I8",
  "size": { "w": 19, "h": 9 },
  "scale": "1",
  "frameTags": [
   { "name": "idle", "from": 0, "to": 0, "direction": "forward" }
  ]
 }
}
