{ "frames": {
   "0": {
    "frame": { "x": 0, "y": 0, "w": 14, "h": 14 },
    "rotated": false,
    "trimmed": false,
    "spriteSourceSize": { "x": 0, "y": 0, "w": 14, "h": 14 },
    "sourceSize": { "w": 14, "h": 14 },
    "duration": 100
   },
   "1": {
    "frame": { "x": 14, "y": 0, "w": 14, "h": 14 },
    "rotated": false,
    "trimmed": false,
    "spriteSourceSize": { "x": 0, "y": 0, "w": 14, "h": 14 },
    "sourceSize": { "w": 14, "h": 14 },
    "duration": 1
   },
   "2": {
    "frame": { "x": 28, "y": 0, "w": 14, "h": 14 },
    "rotated": false,
    "trimmed": false,
    "spriteSourceSize": { "x": 0, "y": 0, "w": 14, "h": 14 },
    "sourceSize": { "w": 14, "h": 14 },
    "duration": 1
   },
   "3": {
    "frame": { "x": 42, "y": 0, "w": 14, "h": 14 },
    "rotated": false,
    "trimmed": false,
    "spriteSourceSize": { "x": 0, "y": 0, "w": 14, "h": 14 },
    "sourceSize": { "w": 14, "h": 14 },
    "duration": 100
   },
   "4": {
    "frame": { "x": 56, "y": 0, "w": 14, "h": 14 },
    "rotated": false,
    "trimmed": false,
    "spriteSourceSize": { "x": 0, "y": 0, "w": 14, "h": 14 },
    "sourceSize": { "w": 14, "h": 14 },
    "duration": 100
   },
   "5": {
    "frame": { "x": 70, "y": 0, "w": 14, "h": 14 },
    "rotated": false,
    "trimmed": false,
    "spriteSourceSize": { "x": 0, "y": 0, "w": 14, "h": 14 },
    "sourceSize": { "w": 14, "h": 14 },
    "duration": 100
   },
   "6": {
    "frame": { "x": 84, "y": 0, "w": 14, "h": 14 },
    "rotated": false,
    "trimmed": false,
    "spriteSourceSize": { "x": 0, "y": 0, "w": 14, "h": 14 },
    "sourceSize": { "w": 14, "h": 14 },
    "duration": 100
   },
   "7": {
    "frame": { "x": 98, "y": 0, "w": 14, "h": 14 },
    "rotated": false,
    "trimmed": false,
    "spriteSourceSize": { "x": 0, "y": 0, "w": 14, "h": 14 },
    "sourceSize": { "w": 14, "h": 14 },
    "duration": 100
   },
   "8": {
    "frame": { "x": 112, "y": 0, "w": 14, "h": 14 },
    "rotated": false,
    "trimmed": false,
    "spriteSourceSize": { "x": 0, "y": 0, "w": 14, "h": 14 },
    "sourceSize": { "w": 14, "h": 14 },
    "duration": 100
   },
   "9": {
    "frame": { "x": 126, "y": 0, "w": 14, "h": 14 },
    "rotated": false,
    "trimmed": false,
    "spriteSourceSize": { "x": 0, "y": 0, "w": 14, "h": 14 },
    "sourceSize": { "w": 14, "h": 14 },
    "duration": 100
   }
 },
 "meta": {
  "app": "http://www.aseprite.org/",
  "version": "1.2.21-x64",
  "image": "buttons.png",
  "format": "RGBA8888",
  "size": { "w": 140, "h": 14 },
  "scale": "1",
  "frameTags": [
   { "name": "keyboard-interact", "from": 0, "to": 0, "direction": "forward" },
   { "name": "keyboard-up", "from": 1, "to": 1, "direction": "forward" },
   { "name": "keyboard-action", "from": 2, "to": 2, "direction": "forward" },
   { "name": "gamepad-jump", "from": 3, "to": 3, "direction": "forward" },
   { "name": "gamepad-button-a", "from": 3, "to": 3, "direction": "forward" },
   { "name": "gamepad-back", "from": 4, "to": 4, "direction": "forward" },
   { "name": "gamepad-button-b", "from": 4, "to": 4, "direction": "forward" },
   { "name": "gamepad-action", "from": 4, "to": 4, "direction": "forward" },
   { "name": "gamepad-button-x", "from": 5, "to": 5, "direction": "forward" },
   { "name": "gamepad-button-y", "from": 6, "to": 7, "direction": "forward" },
   { "name": "gamepad-interact", "from": 6, "to": 6, "direction": "forward" },
   { "name": "gamepad-button-up", "from": 7, "to": 7, "direction": "forward" },
   { "name": "gamepad-up", "from": 7, "to": 7, "direction": "forward" },
   { "name": "gamepad-button-lb", "from": 8, "to": 8, "direction": "forward" },
   { "name": "gamepad-dance1", "from": 8, "to": 8, "direction": "forward" },
   { "name": "gamepad-button-rb", "from": 9, "to": 9, "direction": "forward" },
   { "name": "gamepad-dance2", "from": 9, "to": 9, "direction": "forward" }
  ]
 }
}
