{ "frames": [
   {
    "filename": "0",
    "frame": { "x": 0, "y": 0, "w": 23, "h": 17 },
    "rotated": false,
    "trimmed": true,
    "spriteSourceSize": { "x": 1, "y": 1, "w": 23, "h": 17 },
    "sourceSize": { "w": 24, "h": 18 },
    "duration": 175
   },
   {
    "filename": "1",
    "frame": { "x": 23, "y": 0, "w": 23, "h": 17 },
    "rotated": false,
    "trimmed": true,
    "spriteSourceSize": { "x": 1, "y": 1, "w": 23, "h": 17 },
    "sourceSize": { "w": 24, "h": 18 },
    "duration": 175
   },
   {
    "filename": "2",
    "frame": { "x": 0, "y": 17, "w": 23, "h": 17 },
    "rotated": false,
    "trimmed": true,
    "spriteSourceSize": { "x": 1, "y": 1, "w": 23, "h": 17 },
    "sourceSize": { "w": 24, "h": 18 },
    "duration": 175
   },
   {
    "filename": "3",
    "frame": { "x": 23, "y": 17, "w": 23, "h": 17 },
    "rotated": false,
    "trimmed": true,
    "spriteSourceSize": { "x": 1, "y": 1, "w": 23, "h": 17 },
    "sourceSize": { "w": 24, "h": 18 },
    "duration": 175
   }
 ],
 "meta": {
  "app": "http://www.aseprite.org/",
  "version": "1.2.21-x64",
  "image": "chicken.png",
  "format": "RGBA8888",
  "size": { "w": 46, "h": 34 },
  "scale": "1",
  "frameTags": [
   { "name": "idle", "from": 0, "to": 3, "direction": "pingpong" }
  ]
 }
}
