{ "frames": [
   {
    "filename": "0",
    "frame": { "x": 0, "y": 0, "w": 23, "h": 44 },
    "rotated": false,
    "trimmed": true,
    "spriteSourceSize": { "x": 0, "y": 2, "w": 23, "h": 44 },
    "sourceSize": { "w": 24, "h": 46 },
    "duration": 100
   },
   {
    "filename": "1",
    "frame": { "x": 23, "y": 0, "w": 23, "h": 45 },
    "rotated": false,
    "trimmed": true,
    "spriteSourceSize": { "x": 0, "y": 1, "w": 23, "h": 45 },
    "sourceSize": { "w": 24, "h": 46 },
    "duration": 100
   },
   {
    "filename": "2",
    "frame": { "x": 46, "y": 0, "w": 23, "h": 40 },
    "rotated": false,
    "trimmed": true,
    "spriteSourceSize": { "x": 0, "y": 6, "w": 23, "h": 40 },
    "sourceSize": { "w": 24, "h": 46 },
    "duration": 100
   },
   {
    "filename": "3",
    "frame": { "x": 69, "y": 0, "w": 23, "h": 42 },
    "rotated": false,
    "trimmed": true,
    "spriteSourceSize": { "x": 0, "y": 4, "w": 23, "h": 42 },
    "sourceSize": { "w": 24, "h": 46 },
    "duration": 100
   },
   {
    "filename": "4",
    "frame": { "x": 92, "y": 0, "w": 23, "h": 44 },
    "rotated": false,
    "trimmed": true,
    "spriteSourceSize": { "x": 0, "y": 2, "w": 23, "h": 44 },
    "sourceSize": { "w": 24, "h": 46 },
    "duration": 100
   },
   {
    "filename": "5",
    "frame": { "x": 115, "y": 0, "w": 23, "h": 45 },
    "rotated": false,
    "trimmed": true,
    "spriteSourceSize": { "x": 0, "y": 1, "w": 23, "h": 45 },
    "sourceSize": { "w": 24, "h": 46 },
    "duration": 100
   },
   {
    "filename": "6",
    "frame": { "x": 138, "y": 0, "w": 15, "h": 41 },
    "rotated": false,
    "trimmed": true,
    "spriteSourceSize": { "x": 3, "y": 5, "w": 15, "h": 41 },
    "sourceSize": { "w": 24, "h": 46 },
    "duration": 100
   },
   {
    "filename": "7",
    "frame": { "x": 153, "y": 0, "w": 16, "h": 42 },
    "rotated": false,
    "trimmed": true,
    "spriteSourceSize": { "x": 3, "y": 4, "w": 16, "h": 42 },
    "sourceSize": { "w": 24, "h": 46 },
    "duration": 100
   },
   {
    "filename": "8",
    "frame": { "x": 169, "y": 0, "w": 17, "h": 37 },
    "rotated": false,
    "trimmed": true,
    "spriteSourceSize": { "x": 3, "y": 9, "w": 17, "h": 37 },
    "sourceSize": { "w": 24, "h": 46 },
    "duration": 100
   },
   {
    "filename": "9",
    "frame": { "x": 186, "y": 0, "w": 18, "h": 39 },
    "rotated": false,
    "trimmed": true,
    "spriteSourceSize": { "x": 2, "y": 7, "w": 18, "h": 39 },
    "sourceSize": { "w": 24, "h": 46 },
    "duration": 100
   },
   {
    "filename": "10",
    "frame": { "x": 204, "y": 0, "w": 17, "h": 41 },
    "rotated": false,
    "trimmed": true,
    "spriteSourceSize": { "x": 2, "y": 5, "w": 17, "h": 41 },
    "sourceSize": { "w": 24, "h": 46 },
    "duration": 100
   },
   {
    "filename": "11",
    "frame": { "x": 221, "y": 0, "w": 16, "h": 42 },
    "rotated": false,
    "trimmed": true,
    "spriteSourceSize": { "x": 3, "y": 4, "w": 16, "h": 42 },
    "sourceSize": { "w": 24, "h": 46 },
    "duration": 100
   },
   {
    "filename": "12",
    "frame": { "x": 237, "y": 0, "w": 15, "h": 41 },
    "rotated": false,
    "trimmed": true,
    "spriteSourceSize": { "x": 3, "y": 5, "w": 15, "h": 41 },
    "sourceSize": { "w": 24, "h": 46 },
    "duration": 100
   },
   {
    "filename": "13",
    "frame": { "x": 252, "y": 0, "w": 16, "h": 41 },
    "rotated": false,
    "trimmed": true,
    "spriteSourceSize": { "x": 3, "y": 5, "w": 16, "h": 41 },
    "sourceSize": { "w": 24, "h": 46 },
    "duration": 100
   },
   {
    "filename": "14",
    "frame": { "x": 268, "y": 0, "w": 17, "h": 37 },
    "rotated": false,
    "trimmed": true,
    "spriteSourceSize": { "x": 3, "y": 9, "w": 17, "h": 37 },
    "sourceSize": { "w": 24, "h": 46 },
    "duration": 100
   },
   {
    "filename": "15",
    "frame": { "x": 285, "y": 0, "w": 18, "h": 38 },
    "rotated": false,
    "trimmed": true,
    "spriteSourceSize": { "x": 2, "y": 8, "w": 18, "h": 38 },
    "sourceSize": { "w": 24, "h": 46 },
    "duration": 100
   },
   {
    "filename": "16",
    "frame": { "x": 303, "y": 0, "w": 17, "h": 41 },
    "rotated": false,
    "trimmed": true,
    "spriteSourceSize": { "x": 2, "y": 5, "w": 17, "h": 41 },
    "sourceSize": { "w": 24, "h": 46 },
    "duration": 100
   },
   {
    "filename": "17",
    "frame": { "x": 320, "y": 0, "w": 16, "h": 41 },
    "rotated": false,
    "trimmed": true,
    "spriteSourceSize": { "x": 3, "y": 5, "w": 16, "h": 41 },
    "sourceSize": { "w": 24, "h": 46 },
    "duration": 100
   }
 ],
 "meta": {
  "app": "http://www.aseprite.org/",
  "version": "1.2.25-x64",
  "image": "flameboy.png",
  "format": "RGBA8888",
  "size": { "w": 336, "h": 45 },
  "scale": "1",
  "frameTags": [
   { "name": "idle", "from": 0, "to": 5, "direction": "forward" },
   { "name": "idle2", "from": 6, "to": 11, "direction": "forward" },
   { "name": "walk", "from": 12, "to": 15, "direction": "forward" }
  ]
 }
}
