{ "frames": [
   {
    "filename": "frame}",
    "frame": { "x": 0, "y": 70, "w": 38, "h": 19 },
    "rotated": false,
    "trimmed": true,
    "spriteSourceSize": { "x": 4, "y": 5, "w": 38, "h": 19 },
    "sourceSize": { "w": 46, "h": 24 },
    "duration": 400
   },
   {
    "filename": "frame}",
    "frame": { "x": 0, "y": 0, "w": 42, "h": 24 },
    "rotated": false,
    "trimmed": true,
    "spriteSourceSize": { "x": 0, "y": 0, "w": 42, "h": 24 },
    "sourceSize": { "w": 46, "h": 24 },
    "duration": 1000
   },
   {
    "filename": "frame}",
    "frame": { "x": 126, "y": 24, "w": 40, "h": 23 },
    "rotated": false,
    "trimmed": true,
    "spriteSourceSize": { "x": 2, "y": 1, "w": 40, "h": 23 },
    "sourceSize": { "w": 46, "h": 24 },
    "duration": 150
   },
   {
    "filename": "frame}",
    "frame": { "x": 0, "y": 48, "w": 39, "h": 22 },
    "rotated": false,
    "trimmed": true,
    "spriteSourceSize": { "x": 3, "y": 2, "w": 39, "h": 22 },
    "sourceSize": { "w": 46, "h": 24 },
    "duration": 1000
   },
   {
    "filename": "frame}",
    "frame": { "x": 0, "y": 70, "w": 38, "h": 19 },
    "rotated": false,
    "trimmed": true,
    "spriteSourceSize": { "x": 4, "y": 5, "w": 38, "h": 19 },
    "sourceSize": { "w": 46, "h": 24 },
    "duration": 150
   },
   {
    "filename": "frame}",
    "frame": { "x": 78, "y": 48, "w": 39, "h": 19 },
    "rotated": false,
    "trimmed": true,
    "spriteSourceSize": { "x": 3, "y": 5, "w": 39, "h": 19 },
    "sourceSize": { "w": 46, "h": 24 },
    "duration": 150
   },
   {
    "filename": "frame}",
    "frame": { "x": 0, "y": 70, "w": 38, "h": 19 },
    "rotated": false,
    "trimmed": true,
    "spriteSourceSize": { "x": 4, "y": 5, "w": 38, "h": 19 },
    "sourceSize": { "w": 46, "h": 24 },
    "duration": 150
   },
   {
    "filename": "frame}",
    "frame": { "x": 78, "y": 67, "w": 39, "h": 19 },
    "rotated": false,
    "trimmed": true,
    "spriteSourceSize": { "x": 4, "y": 5, "w": 39, "h": 19 },
    "sourceSize": { "w": 46, "h": 24 },
    "duration": 150
   },
   {
    "filename": "frame}",
    "frame": { "x": 0, "y": 70, "w": 38, "h": 19 },
    "rotated": false,
    "trimmed": true,
    "spriteSourceSize": { "x": 4, "y": 5, "w": 38, "h": 19 },
    "sourceSize": { "w": 46, "h": 24 },
    "duration": 450
   },
   {
    "filename": "frame}",
    "frame": { "x": 39, "y": 48, "w": 39, "h": 22 },
    "rotated": false,
    "trimmed": true,
    "spriteSourceSize": { "x": 3, "y": 2, "w": 39, "h": 22 },
    "sourceSize": { "w": 46, "h": 24 },
    "duration": 150
   },
   {
    "filename": "frame}",
    "frame": { "x": 126, "y": 47, "w": 40, "h": 23 },
    "rotated": false,
    "trimmed": true,
    "spriteSourceSize": { "x": 2, "y": 1, "w": 40, "h": 23 },
    "sourceSize": { "w": 46, "h": 24 },
    "duration": 150
   },
   {
    "filename": "frame}",
    "frame": { "x": 42, "y": 0, "w": 42, "h": 24 },
    "rotated": false,
    "trimmed": true,
    "spriteSourceSize": { "x": 0, "y": 0, "w": 42, "h": 24 },
    "sourceSize": { "w": 46, "h": 24 },
    "duration": 500
   },
   {
    "filename": "frame}",
    "frame": { "x": 84, "y": 0, "w": 42, "h": 24 },
    "rotated": false,
    "trimmed": true,
    "spriteSourceSize": { "x": 0, "y": 0, "w": 42, "h": 24 },
    "sourceSize": { "w": 46, "h": 24 },
    "duration": 150
   },
   {
    "filename": "frame}",
    "frame": { "x": 126, "y": 0, "w": 42, "h": 24 },
    "rotated": false,
    "trimmed": true,
    "spriteSourceSize": { "x": 0, "y": 0, "w": 42, "h": 24 },
    "sourceSize": { "w": 46, "h": 24 },
    "duration": 150
   },
   {
    "filename": "frame}",
    "frame": { "x": 0, "y": 24, "w": 42, "h": 24 },
    "rotated": false,
    "trimmed": true,
    "spriteSourceSize": { "x": 0, "y": 0, "w": 42, "h": 24 },
    "sourceSize": { "w": 46, "h": 24 },
    "duration": 150
   },
   {
    "filename": "frame}",
    "frame": { "x": 42, "y": 24, "w": 42, "h": 24 },
    "rotated": false,
    "trimmed": true,
    "spriteSourceSize": { "x": 0, "y": 0, "w": 42, "h": 24 },
    "sourceSize": { "w": 46, "h": 24 },
    "duration": 150
   },
   {
    "filename": "frame}",
    "frame": { "x": 84, "y": 24, "w": 42, "h": 24 },
    "rotated": false,
    "trimmed": true,
    "spriteSourceSize": { "x": 0, "y": 0, "w": 42, "h": 24 },
    "sourceSize": { "w": 46, "h": 24 },
    "duration": 150
   }
 ],
 "meta": {
  "app": "http://www.aseprite.org/",
  "version": "1.2.21-x64",
  "image": "mimic.png",
  "format": "I8",
  "size": { "w": 168, "h": 89 },
  "scale": "1",
  "frameTags": [
   { "name": "sleeping", "from": 0, "to": 0, "direction": "forward" },
   { "name": "idle", "from": 1, "to": 3, "direction": "pingpong" },
   { "name": "open", "from": 4, "to": 16, "direction": "forward" }
  ]
 }
}
