{ "frames": [
   {
    "filename": "0",
    "frame": { "x": 0, "y": 0, "w": 22, "h": 24 },
    "rotated": false,
    "trimmed": true,
    "spriteSourceSize": { "x": 1, "y": 0, "w": 22, "h": 24 },
    "sourceSize": { "w": 24, "h": 24 },
    "duration": 150
   },
   {
    "filename": "1",
    "frame": { "x": 22, "y": 0, "w": 22, "h": 24 },
    "rotated": false,
    "trimmed": true,
    "spriteSourceSize": { "x": 1, "y": 0, "w": 22, "h": 24 },
    "sourceSize": { "w": 24, "h": 24 },
    "duration": 150
   },
   {
    "filename": "2",
    "frame": { "x": 0, "y": 24, "w": 22, "h": 24 },
    "rotated": false,
    "trimmed": true,
    "spriteSourceSize": { "x": 1, "y": 0, "w": 22, "h": 24 },
    "sourceSize": { "w": 24, "h": 24 },
    "duration": 150
   },
   {
    "filename": "3",
    "frame": { "x": 22, "y": 24, "w": 22, "h": 24 },
    "rotated": false,
    "trimmed": true,
    "spriteSourceSize": { "x": 1, "y": 0, "w": 22, "h": 24 },
    "sourceSize": { "w": 24, "h": 24 },
    "duration": 150
   }
 ],
 "meta": {
  "app": "http://www.aseprite.org/",
  "version": "1.2.21-x64",
  "image": "powerup_friendship.png",
  "format": "RGBA8888",
  "size": { "w": 44, "h": 48 },
  "scale": "1",
  "frameTags": [
   { "name": "idle", "from": 0, "to": 3, "direction": "pingpong" }
  ],
  "layers": [
   { "name": "Layer 2", "opacity": 255, "blendMode": "normal" },
   { "name": "Layer 1", "opacity": 255, "blendMode": "normal" },
   { "name": "Layer 3", "opacity": 255, "blendMode": "normal" }
  ],
  "slices": [
  ]
 }
}
