{ "frames": [
   {
    "filename": "0",
    "frame": { "x": 27, "y": 23, "w": 26, "h": 23 },
    "rotated": false,
    "trimmed": true,
    "spriteSourceSize": { "x": 2, "y": 1, "w": 26, "h": 23 },
    "sourceSize": { "w": 30, "h": 24 },
    "duration": 100
   },
   {
    "filename": "1",
    "frame": { "x": 0, "y": 0, "w": 27, "h": 23 },
    "rotated": false,
    "trimmed": true,
    "spriteSourceSize": { "x": 1, "y": 1, "w": 27, "h": 23 },
    "sourceSize": { "w": 30, "h": 24 },
    "duration": 100
   },
   {
    "filename": "2",
    "frame": { "x": 27, "y": 0, "w": 27, "h": 23 },
    "rotated": false,
    "trimmed": true,
    "spriteSourceSize": { "x": 1, "y": 1, "w": 27, "h": 23 },
    "sourceSize": { "w": 30, "h": 24 },
    "duration": 100
   },
   {
    "filename": "3",
    "frame": { "x": 53, "y": 23, "w": 26, "h": 23 },
    "rotated": false,
    "trimmed": true,
    "spriteSourceSize": { "x": 2, "y": 1, "w": 26, "h": 23 },
    "sourceSize": { "w": 30, "h": 24 },
    "duration": 100
   },
   {
    "filename": "4",
    "frame": { "x": 79, "y": 23, "w": 26, "h": 23 },
    "rotated": false,
    "trimmed": true,
    "spriteSourceSize": { "x": 2, "y": 1, "w": 26, "h": 23 },
    "sourceSize": { "w": 30, "h": 24 },
    "duration": 125
   },
   {
    "filename": "5",
    "frame": { "x": 105, "y": 23, "w": 26, "h": 23 },
    "rotated": false,
    "trimmed": true,
    "spriteSourceSize": { "x": 2, "y": 1, "w": 26, "h": 23 },
    "sourceSize": { "w": 30, "h": 24 },
    "duration": 125
   },
   {
    "filename": "6",
    "frame": { "x": 26, "y": 46, "w": 26, "h": 22 },
    "rotated": false,
    "trimmed": true,
    "spriteSourceSize": { "x": 2, "y": 2, "w": 26, "h": 22 },
    "sourceSize": { "w": 30, "h": 24 },
    "duration": 125
   },
   {
    "filename": "7",
    "frame": { "x": 52, "y": 46, "w": 26, "h": 22 },
    "rotated": false,
    "trimmed": true,
    "spriteSourceSize": { "x": 2, "y": 2, "w": 26, "h": 22 },
    "sourceSize": { "w": 30, "h": 24 },
    "duration": 125
   },
   {
    "filename": "8",
    "frame": { "x": 79, "y": 23, "w": 26, "h": 23 },
    "rotated": false,
    "trimmed": true,
    "spriteSourceSize": { "x": 2, "y": 1, "w": 26, "h": 23 },
    "sourceSize": { "w": 30, "h": 24 },
    "duration": 125
   },
   {
    "filename": "9",
    "frame": { "x": 0, "y": 46, "w": 26, "h": 23 },
    "rotated": false,
    "trimmed": true,
    "spriteSourceSize": { "x": 2, "y": 1, "w": 26, "h": 23 },
    "sourceSize": { "w": 30, "h": 24 },
    "duration": 125
   },
   {
    "filename": "10",
    "frame": { "x": 78, "y": 46, "w": 26, "h": 22 },
    "rotated": false,
    "trimmed": true,
    "spriteSourceSize": { "x": 2, "y": 2, "w": 26, "h": 22 },
    "sourceSize": { "w": 30, "h": 24 },
    "duration": 125
   },
   {
    "filename": "11",
    "frame": { "x": 104, "y": 46, "w": 26, "h": 22 },
    "rotated": false,
    "trimmed": true,
    "spriteSourceSize": { "x": 2, "y": 2, "w": 26, "h": 22 },
    "sourceSize": { "w": 30, "h": 24 },
    "duration": 125
   },
   {
    "filename": "12",
    "frame": { "x": 54, "y": 0, "w": 27, "h": 23 },
    "rotated": false,
    "trimmed": true,
    "spriteSourceSize": { "x": 1, "y": 1, "w": 27, "h": 23 },
    "sourceSize": { "w": 30, "h": 24 },
    "duration": 100
   },
   {
    "filename": "13",
    "frame": { "x": 81, "y": 0, "w": 27, "h": 23 },
    "rotated": false,
    "trimmed": true,
    "spriteSourceSize": { "x": 1, "y": 1, "w": 27, "h": 23 },
    "sourceSize": { "w": 30, "h": 24 },
    "duration": 100
   },
   {
    "filename": "14",
    "frame": { "x": 108, "y": 0, "w": 27, "h": 23 },
    "rotated": false,
    "trimmed": true,
    "spriteSourceSize": { "x": 1, "y": 1, "w": 27, "h": 23 },
    "sourceSize": { "w": 30, "h": 24 },
    "duration": 100
   },
   {
    "filename": "15",
    "frame": { "x": 0, "y": 23, "w": 27, "h": 23 },
    "rotated": false,
    "trimmed": true,
    "spriteSourceSize": { "x": 1, "y": 1, "w": 27, "h": 23 },
    "sourceSize": { "w": 30, "h": 24 },
    "duration": 100
   },
   {
    "filename": "16",
    "frame": { "x": 80, "y": 68, "w": 26, "h": 19 },
    "rotated": false,
    "trimmed": true,
    "spriteSourceSize": { "x": 2, "y": 5, "w": 26, "h": 19 },
    "sourceSize": { "w": 30, "h": 24 },
    "duration": 80
   },
   {
    "filename": "17",
    "frame": { "x": 26, "y": 68, "w": 27, "h": 19 },
    "rotated": false,
    "trimmed": true,
    "spriteSourceSize": { "x": 1, "y": 5, "w": 27, "h": 19 },
    "sourceSize": { "w": 30, "h": 24 },
    "duration": 80
   },
   {
    "filename": "18",
    "frame": { "x": 53, "y": 68, "w": 27, "h": 19 },
    "rotated": false,
    "trimmed": true,
    "spriteSourceSize": { "x": 1, "y": 5, "w": 27, "h": 19 },
    "sourceSize": { "w": 30, "h": 24 },
    "duration": 80
   },
   {
    "filename": "19",
    "frame": { "x": 106, "y": 68, "w": 26, "h": 19 },
    "rotated": false,
    "trimmed": true,
    "spriteSourceSize": { "x": 2, "y": 5, "w": 26, "h": 19 },
    "sourceSize": { "w": 30, "h": 24 },
    "duration": 80
   }
 ],
 "meta": {
  "app": "http://www.aseprite.org/",
  "version": "1.2.25-x64",
  "image": "shiba.png",
  "format": "I8",
  "size": { "w": 135, "h": 87 },
  "scale": "1",
  "frameTags": [
   { "name": "idle", "from": 0, "to": 3, "direction": "forward" },
   { "name": "walk", "from": 4, "to": 11, "direction": "forward" },
   { "name": "peeing", "from": 12, "to": 15, "direction": "forward" },
   { "name": "petted", "from": 16, "to": 19, "direction": "forward" }
  ]
 }
}
