{ "frames": [
   {
    "filename": "stoneplatform.aseprite",
    "frame": { "x": 0, "y": 0, "w": 68, "h": 14 },
    "rotated": false,
    "trimmed": false,
    "spriteSourceSize": { "x": 0, "y": 0, "w": 68, "h": 14 },
    "sourceSize": { "w": 68, "h": 14 },
    "duration": 200
   }
 ],
 "meta": {
  "app": "http://www.aseprite.org/",
  "version": "1.2.21-x64",
  "image": "stoneplatform.png",
  "format": "I8",
  "size": { "w": 68, "h": 14 },
  "scale": "1",
  "frameTags": [
   { "name": "idle", "from": 0, "to": 0, "direction": "forward" }
  ]
 }
}
