{ "frames": [
   {
    "filename": "0",
    "frame": { "x": 0, "y": 0, "w": 18, "h": 22 },
    "rotated": false,
    "trimmed": false,
    "spriteSourceSize": { "x": 0, "y": 0, "w": 18, "h": 22 },
    "sourceSize": { "w": 18, "h": 22 },
    "duration": 150
   },
   {
    "filename": "1",
    "frame": { "x": 18, "y": 0, "w": 18, "h": 22 },
    "rotated": false,
    "trimmed": false,
    "spriteSourceSize": { "x": 0, "y": 0, "w": 18, "h": 22 },
    "sourceSize": { "w": 18, "h": 22 },
    "duration": 150
   },
   {
    "filename": "2",
    "frame": { "x": 36, "y": 0, "w": 18, "h": 22 },
    "rotated": false,
    "trimmed": false,
    "spriteSourceSize": { "x": 0, "y": 0, "w": 18, "h": 22 },
    "sourceSize": { "w": 18, "h": 22 },
    "duration": 150
   }
 ],
 "meta": {
  "app": "http://www.aseprite.org/",
  "version": "1.2.21-x64",
  "image": "superthrow.png",
  "format": "RGBA8888",
  "size": { "w": 54, "h": 22 },
  "scale": "1",
  "frameTags": [
   { "name": "idle", "from": 0, "to": 2, "direction": "pingpong" }
  ]
 }
}
