{ "frames": [
   {
    "filename": "wall 0.aseprite",
    "frame": { "x": 0, "y": 0, "w": 24, "h": 72 },
    "rotated": false,
    "trimmed": false,
    "spriteSourceSize": { "x": 0, "y": 0, "w": 24, "h": 72 },
    "sourceSize": { "w": 24, "h": 72 },
    "duration": 100
   },
   {
    "filename": "wall 1.aseprite",
    "frame": { "x": 24, "y": 0, "w": 24, "h": 72 },
    "rotated": false,
    "trimmed": false,
    "spriteSourceSize": { "x": 0, "y": 0, "w": 24, "h": 72 },
    "sourceSize": { "w": 24, "h": 72 },
    "duration": 100
   }
 ],
 "meta": {
  "app": "http://www.aseprite.org/",
  "version": "1.2.21-x64",
  "image": "wall.png",
  "format": "RGBA8888",
  "size": { "w": 48, "h": 72 },
  "scale": "1",
  "frameTags": [
   { "name": "solid", "from": 0, "to": 0, "direction": "forward" },
   { "name": "crumbled", "from": 1, "to": 1, "direction": "forward" }
  ]
 }
}
