{ "frames": [
   {
    "filename": "0",
    "frame": { "x": 0, "y": 0, "w": 16, "h": 8 },
    "rotated": false,
    "trimmed": false,
    "spriteSourceSize": { "x": 0, "y": 0, "w": 16, "h": 8 },
    "sourceSize": { "w": 16, "h": 8 },
    "duration": 3000
   },
   {
    "filename": "1",
    "frame": { "x": 16, "y": 0, "w": 16, "h": 8 },
    "rotated": false,
    "trimmed": false,
    "spriteSourceSize": { "x": 0, "y": 0, "w": 16, "h": 8 },
    "sourceSize": { "w": 16, "h": 8 },
    "duration": 100
   },
   {
    "filename": "2",
    "frame": { "x": 32, "y": 0, "w": 16, "h": 8 },
    "rotated": false,
    "trimmed": false,
    "spriteSourceSize": { "x": 0, "y": 0, "w": 16, "h": 8 },
    "sourceSize": { "w": 16, "h": 8 },
    "duration": 100
   },
   {
    "filename": "3",
    "frame": { "x": 0, "y": 8, "w": 16, "h": 8 },
    "rotated": false,
    "trimmed": false,
    "spriteSourceSize": { "x": 0, "y": 0, "w": 16, "h": 8 },
    "sourceSize": { "w": 16, "h": 8 },
    "duration": 100
   },
   {
    "filename": "4",
    "frame": { "x": 16, "y": 8, "w": 16, "h": 8 },
    "rotated": false,
    "trimmed": false,
    "spriteSourceSize": { "x": 0, "y": 0, "w": 16, "h": 8 },
    "sourceSize": { "w": 16, "h": 8 },
    "duration": 100
   },
   {
    "filename": "5",
    "frame": { "x": 32, "y": 8, "w": 16, "h": 8 },
    "rotated": false,
    "trimmed": false,
    "spriteSourceSize": { "x": 0, "y": 0, "w": 16, "h": 8 },
    "sourceSize": { "w": 16, "h": 8 },
    "duration": 100
   },
   {
    "filename": "6",
    "frame": { "x": 0, "y": 16, "w": 16, "h": 8 },
    "rotated": false,
    "trimmed": false,
    "spriteSourceSize": { "x": 0, "y": 0, "w": 16, "h": 8 },
    "sourceSize": { "w": 16, "h": 8 },
    "duration": 100
   }
 ],
 "meta": {
  "app": "http://www.aseprite.org/",
  "version": "1.2.18",
  "image": "spider.png",
  "format": "RGBA8888",
  "size": { "w": 48, "h": 24 },
  "scale": "1",
  "frameTags": [
   { "name": "blink", "from": 0, "to": 6, "direction": "forward" }
  ]
 }
}
