{ "frames": [
   {
    "filename": "0",
    "frame": { "x": 32, "y": 18, "w": 20, "h": 2 },
    "rotated": false,
    "trimmed": true,
    "spriteSourceSize": { "x": 9, "y": 11, "w": 20, "h": 2 },
    "sourceSize": { "w": 32, "h": 20 },
    "duration": 100
   },
   {
    "filename": "1",
    "frame": { "x": 41, "y": 0, "w": 17, "h": 8 },
    "rotated": false,
    "trimmed": true,
    "spriteSourceSize": { "x": 11, "y": 5, "w": 17, "h": 8 },
    "sourceSize": { "w": 32, "h": 20 },
    "duration": 2500
   },
   {
    "filename": "2",
    "frame": { "x": 58, "y": 0, "w": 1, "h": 1 },
    "rotated": false,
    "trimmed": true,
    "spriteSourceSize": { "x": 0, "y": 0, "w": 1, "h": 1 },
    "sourceSize": { "w": 32, "h": 20 },
    "duration": 80
   },
   {
    "filename": "3",
    "frame": { "x": 32, "y": 14, "w": 17, "h": 4 },
    "rotated": false,
    "trimmed": true,
    "spriteSourceSize": { "x": 11, "y": 8, "w": 17, "h": 4 },
    "sourceSize": { "w": 32, "h": 20 },
    "duration": 80
   },
   {
    "filename": "4",
    "frame": { "x": 20, "y": 8, "w": 22, "h": 6 },
    "rotated": false,
    "trimmed": true,
    "spriteSourceSize": { "x": 9, "y": 8, "w": 22, "h": 6 },
    "sourceSize": { "w": 32, "h": 20 },
    "duration": 100
   },
   {
    "filename": "5",
    "frame": { "x": 42, "y": 8, "w": 22, "h": 6 },
    "rotated": false,
    "trimmed": true,
    "spriteSourceSize": { "x": 9, "y": 7, "w": 22, "h": 6 },
    "sourceSize": { "w": 32, "h": 20 },
    "duration": 100
   },
   {
    "filename": "6",
    "frame": { "x": 20, "y": 0, "w": 21, "h": 7 },
    "rotated": false,
    "trimmed": true,
    "spriteSourceSize": { "x": 9, "y": 7, "w": 21, "h": 7 },
    "sourceSize": { "w": 32, "h": 20 },
    "duration": 100
   },
   {
    "filename": "7",
    "frame": { "x": 0, "y": 0, "w": 20, "h": 11 },
    "rotated": false,
    "trimmed": true,
    "spriteSourceSize": { "x": 9, "y": 4, "w": 20, "h": 11 },
    "sourceSize": { "w": 32, "h": 20 },
    "duration": 100
   },
   {
    "filename": "8",
    "frame": { "x": 0, "y": 11, "w": 16, "h": 7 },
    "rotated": false,
    "trimmed": true,
    "spriteSourceSize": { "x": 11, "y": 6, "w": 16, "h": 7 },
    "sourceSize": { "w": 32, "h": 20 },
    "duration": 200
   },
   {
    "filename": "9",
    "frame": { "x": 16, "y": 14, "w": 16, "h": 5 },
    "rotated": false,
    "trimmed": true,
    "spriteSourceSize": { "x": 11, "y": 7, "w": 16, "h": 5 },
    "sourceSize": { "w": 32, "h": 20 },
    "duration": 200
   }
 ],
 "meta": {
  "app": "http://www.aseprite.org/",
  "version": "1.2.21-x64",
  "image": "standard.png",
  "format": "RGBA8888",
  "size": { "w": 64, "h": 20 },
  "scale": "1",
  "frameTags": [
   { "name": "blink", "from": 0, "to": 0, "direction": "forward" },
   { "name": "neutral", "from": 1, "to": 3, "direction": "pingpong" },
   { "name": "angry", "from": 4, "to": 4, "direction": "forward" },
   { "name": "bored", "from": 5, "to": 5, "direction": "forward" },
   { "name": "amused", "from": 6, "to": 6, "direction": "forward" },
   { "name": "sad", "from": 7, "to": 7, "direction": "forward" },
   { "name": "disgusted", "from": 8, "to": 9, "direction": "forward" }
  ],
  "layers": [
   { "name": "Sprite Sheet", "opacity": 255, "blendMode": "normal" }
  ],
  "slices": [
  ]
 }
}
